Model,Accuracy,Precision (Quagmire I),Recall (Quagmire I),F1-Score (Quagmire I),Precision (Quagmire II),Recall (Quagmire II),F1-Score (Quagmire II)
Naive Bayes,0.4875,0.5555555555555556,0.3409090909090909,0.4225352112676056,0.4528301886792453,0.6666666666666666,0.5393258426966292
MLP Classifier,0.525,0.5714285714285714,0.5454545454545454,0.5581395348837209,0.47368421052631576,0.5,0.4864864864864865
